Metric,XGBoost Base,Ensemble + POP+KEY
Accuracy,0.4030347890451517,0.4163582531458179
Precision (W),0.43339,0.47077
Recall (W),0.40303,0.41636
F1-score (W),0.374064396036093,0.4093548231505152
