Metric,XGBoost Base,Ensemble + POP+KEY
Accuracy,0.4741666666666667,0.5302777777777777
Precision (W),0.44086,0.53305
Recall (W),0.47417,0.53028
F1-score (W),0.4361675775555717,0.5208863160005255
