Setting,Val_Accuracy,Val_F1_weighted,Val_F1_macro,Cls_Accuracy,Cls_F1_weighted,Cls_F1_macro
XGB_only_BASE,0.46444444444444444,0.4272664090882484,0.3976579750692992,0.3993338267949667,0.36846507576427945,0.27855073047816553
