Setting,Val_Accuracy,Val_F1_weighted,Val_F1_macro,Cls_Accuracy,Cls_F1_weighted,Cls_F1_macro
Ensemble_POP+KEY,0.5422222222222223,0.5341444433883953,0.5207807418345823,0.38490007401924503,0.3846243229544721,0.3208898021051422
