Setting,Val_Accuracy,Val_F1_weighted,Val_F1_macro,Cls_Accuracy,Cls_F1_weighted,Cls_F1_macro
Ensemble_POP+KEY,0.53,0.5210691062949308,0.5080993772358837,0.3945225758697261,0.38814495471254157,0.31149797192436307
