Setting,Val_Accuracy,Val_F1_weighted,Val_F1_macro,Cls_Accuracy,Cls_F1_weighted,Cls_F1_macro
XGB_only_BASE,0.475,0.4370878669596404,0.4050338080331635,0.40266469282013323,0.37401186196163183,0.2890408127269612
